iter	MultiClass
0	1.006167076
1	0.9311239479
2	0.8677481288
3	0.8207054513
4	0.7804868499
